Name,BirthDate,DeathDate,DebutDate,LastFilmDate,Date of Death 2
A. K. Hangal,2/1/1914,8/26/2012,1905,1905,"A. K. Hangal, 26 August 2012"
Aamir Khan,3/14/1965,alive,1905,1905,"Aamir Khan,alive"
Aanjjan Srivastav,6/2/1948,alive,1905,1905,"Aanjjan Srivastav,alive"
Aasif Sheikh,11/11/1964,alive,1905,1905,"Aasif Sheikh,alive"
Abhi Bhattacharya,11/20/1921,8/11/1993,1905,1905,"Abhi Bhattacharya, 11 August 1993"
Abhijeet Sawant,10/7/1981,alive,1905,1905,"Abhijeet Sawant,alive"
Abhinav Shukla,9/27/1982,alive,1905,1905,"Abhinav Shukla,alive"
Abhishek Bachchan,2/5/1976,alive,1905,1905,"Abhishek Bachchan,alive"
Abhay Deol,3/15/1976,alive,1905,1905,"Abhay Deol,alive"
Achyut Potdar,8/22/1934,alive,1905,1905,"Achyut Potdar,alive"
Aditya Kumar,12/7/1992,alive,1905,1905,"Aditya Kumar,alive"
Aditya Roy Kapur,11/16/1985,alive,1905,1905,"Aditya Roy Kapur,alive"
Aditya Shrivastava,7/21/1968,alive,1905,1905,"Aditya Shrivastava,alive"
Aftab Shivdasani,6/25/1978,alive,1905,1905,"Aftab Shivdasani,alive"
Ahan Shetty,12/28/1995,alive,1905,1905,"Ahan Shetty,alive"
Ajay Devgan,4/2/1969,alive,1905,1905,"Ajay Devgan,alive"
Ajay Nagrath,2/16/1986,alive,1905,1905,"Ajay Nagrath,alive"
Ajith Kumar,5/1/1971,alive,1905,N/A,"Ajith Kumar,alive"
Ajinkya Deo,5/3/1963,alive,1905,1905,"Ajinkya Deo,alive"
Akshay Anand,1/30/1969,alive,,,"Akshay Anand,alive"
Akshay Kumar,9/9/1967,alive,,,"Akshay Kumar,alive"
Akshaye Khanna,3/28/1975,alive,,,"Akshaye Khanna,alive"
Ali Fazal,10/15/1986,alive,,,"Ali Fazal,alive"
Alok Nath,7/10/1956,alive,,,"Alok Nath,alive"
Amar Upadhyay,8/1/1976,alive,,,"Amar Upadhyay,alive"
Amit Sadh,6/5/1979,alive,,,"Amit Sadh,alive"
Amitabh Bachchan,10/11/1942,alive,,,"Amitabh Bachchan,alive"
Amol Palekar,11/24/1944,alive,,,"Amol Palekar,alive"
Amrinder Gill,5/11/1976,alive,,,"Amrinder Gill,alive"
Amrish Puri,6/22/1932,1/12/2005,,,"Amrish Puri, 12 January 2005"
Anand Abhyankar,6/2/1963,12/24/2012,,,"Anand Abhyankar, 24 December 2012"
Anand Tiwari,5/29/1983,alive,,,"Anand Tiwari,alive"
Anant Mahadevan,8/28/1950,alive,,,"Anant Mahadevan,alive"
Anant Nag,9/4/1948,alive,,,"Anant Nag,alive"
Anang Desai,5/4/1953,alive,,,"Anang Desai,alive"
Angad Bedi,2/6/1983,alive,,,"Angad Bedi,alive"
Anil Kapoor,12/24/1956,alive,,,"Anil Kapoor,alive"
Aniruddh Dave,7/21/1986,alive,,,"Aniruddh Dave,alive"
Ankit Mohan,1/20/1988,alive,,,"Ankit Mohan,alive"
Ankit Gupta,11/6/1988,alive,,,"Ankit Gupta,alive"
Annu Kapoor,2/20/1956,alive,,,"Annu Kapoor,alive"
Anoop Kumar,1/9/1926,9/20/1997,,,"Anoop Kumar, 20 September 1997"
Anup Soni,1/30/1975,alive,,,"Anup Soni,alive"
Anupam Kher,3/7/1955,alive,,,"Anupam Kher,alive"
Aparshakti Khurana,11/18/1987,alive,,,"Aparshakti Khurana,alive"
Arbaaz Khan,8/4/1967,alive,,,"Arbaaz Khan,alive"
Arif Zakaria,11/11/1966,alive,,,"Arif Zakaria,alive"
Arjun Kapoor,6/26/1985,alive,,,"Arjun Kapoor,alive"
Arjun Rampal,11/13/1972,alive,,,"Arjun Rampal,alive"
Armaan Kohli,7/6/1960,alive,,,"Armaan Kohli,alive"
Arshad Warsi,4/19/1968,alive,,,"Arshad Warsi,alive"
Arun Bali,12/23/1942,10/7/2022,,,"Arun Bali, 7 October 2022"
Arun Govil,1/12/1958,alive,,,"Arun Govil,alive"
Arunoday Singh,2/17/1983,alive,,,"Arunoday Singh,alive"
Arya Babbar,5/24/1981,alive,,,"Arya Babbar,alive"
Aryan Vaid,7/4/1976,alive,,,"Aryan Vaid,alive"
Arvind Trivedi,11/8/1938,10/6/2021,,,"Arvind Trivedi, 6 October 2021"
Ashish Vidyarthi,6/19/1962,alive,,,"Ashish Vidyarthi,alive"
Ashmit Patel,1/13/1978,alive,,,"Ashmit Patel,alive"
Ashok Kumar,10/13/1911,12/10/2001,,,"Ashok Kumar, 10 December 2001"
Ashok Saraf,6/4/1947,alive,,,"Ashok Saraf,alive"
Ashutosh Gowariker,2/15/1964,alive,,,"Ashutosh Gowariker,alive"
Ashutosh Rana,11/10/1967,alive,,,"Ashutosh Rana,alive"
Asif Basra,7/27/1967,11/12/2020,,,"Asif Basra, 12 November 2020"
Asrani,1/1/1940,alive,,,"Asrani,alive"
Atul Agnihotri,7/8/1970,alive,,,"Atul Agnihotri,alive"
Atul Kulkarni,9/10/1965,alive,,,"Atul Kulkarni,alive"
Avinash Wadhawan,11/2/1968,alive,,,"Avinash Wadhawan,alive"
Ayushmann Khurrana,9/14/1984,alive,,,"Ayushmann Khurrana,alive"
Baba Sehgal,11/23/1965,alive,,,"Baba Sehgal,alive"
Baburaj,3/3/1929,10/7/1978,,,"Baburaj, 7 October 1978"
Balraj Sahni,5/1/1913,4/13/1973,,,"Balraj Sahni, 13 April 1973"
Barun Sobti,8/21/1984,alive,,,"Barun Sobti,alive"
Bhagwan Dada,8/1/1913,2/4/2002,,,"Bhagwan Dada, 4 February 2002"
Bharat Bhushan,6/14/1920,1/27/1992,,,"Bharat Bhushan, 27 January 1992"
Bharat Kapoor,10/15/1945,alive,,,"Bharat Kapoor,alive"
Biswajit Chatterjee,12/14/1936,alive,,,"Biswajit Chatterjee,alive"
Bobby Deol,1/27/1969,alive,,,"Bobby Deol,alive"
Boloram Das,5/5/1985,alive,,,"Boloram Das,alive"
Boman Irani,12/2/1959,alive,,,"Boman Irani,alive"
Chandrachur Singh,10/11/1968,alive,,,"Chandrachur Singh,alive"
Charuhasan,1/5/1931,alive,,,"Charuhasan,alive"
Chetan Hansraj,6/15/1972,alive,,,"Chetan Hansraj,alive"
Chiranjeevi,8/22/1955,alive,,,"Chiranjeevi,alive"
Chunky Pandey,9/26/1962,alive,,,"Chunky Pandey,alive"
Dalip Tahil,10/30/1952,alive,,,"Dalip Tahil,alive"
Danny Denzongpa,2/25/1948,alive,,,"Danny Denzongpa,alive"
Dara Singh,11/19/1928,7/12/2012,,,"Dara Singh, 12 July 2012"
Darshan Jariwala,9/29/1958,alive,,,"Darshan Jariwala,alive"
Darsheel Safary,3/9/1997,alive,,,"Darsheel Safary,alive"
David Abraham Cheulkar,6/21/1909,1/2/1982,,,"David Abraham Cheulkar, 2 January 1982"
Daya Shankar Pandey,11/19/1965,alive,,,"Daya Shankar Pandey,alive"
Dayanand Shetty,12/11/1969,alive,,,"Dayanand Shetty,alive"
Deep Dhillon,1/12/1956,alive,,,"Deep Dhillon,alive"
Deepak Dobriyal,9/1/1975,alive,,,"Deepak Dobriyal,alive"
Deepak Parashar,4/2/1952,alive,,,"Deepak Parashar,alive"
Deepak Shirke,4/29/1957,alive,,,"Deepak Shirke,alive"
Deepak Tijori,8/28/1961,alive,,,"Deepak Tijori,alive"
Dev Anand,9/26/1923,12/3/2011,,,"Dev Anand, 3 December 2011"
Deven Verma,10/23/1937,12/2/2014,,,"Deven Verma, 2 December 2014"
Dharmendra,12/8/1935,alive,,,"Dharmendra,alive"
Dharmesh Yelande,10/31/1983,alive,,,"Dharmesh Yelande,alive"
Dheer Charan Srivastav,8/9/1967,alive,,,"Dheer Charan Srivastav,alive"
Dheeraj Kumar,10/1/1944,alive,,,"Dheeraj Kumar,alive"
Dhritiman Chatterjee,5/30/1945,alive,,,"Dhritiman Chatterjee,alive"
Dilip Dhawan,5/8/1905,2/15/2000,,,"Dilip Dhawan, 15 February 2000"
Dilip Joshi,5/26/1968,alive,,,"Dilip Joshi,alive"
Dilip Kumar,12/11/1922,7/7/2021,,,"Dilip Kumar, 7 July 2021"
Dilip Prabhavalkar,8/4/1944,alive,,,"Dilip Prabhavalkar,alive"
Diljit Dosanjh,1/6/1984,alive,,,"Diljit Dosanjh,alive"
Dinesh Hingoo,4/13/1940,alive,,,"Dinesh Hingoo,alive"
Dinesh Kaushik,5/27/1957,alive,,,"Dinesh Kaushik,alive"
Dinesh Phadnis,11/2/1966,alive,,,"Dinesh Phadnis,alive"
Dino Morea,12/9/1975,alive,,,"Dino Morea,alive"
Divyendu Sharma,6/19/1983,alive,,,"Divyendu Sharma,alive"
Diwakar Pundir,11/11/1975,alive,,,"Diwakar Pundir,alive"
Dulquer Salmaan,7/28/1983,alive,,,"Dulquer Salmaan,alive"
Edward Sonnenblick,6/27/1970,alive,,,"Edward Sonnenblick,alive"
Emraan Hashmi,3/24/1979,alive,,,"Emraan Hashmi,alive"
Fahmaan Khan,9/4/1990,alive,,,"Fahmaan Khan,alive"
Faisal Khan,8/3/1966,alive,,,"Faisal Khan,alive"
Faraaz Khan,5/27/1970,11/4/2020,,,"Faraaz Khan, 4 November 2020"
Fardeen Khan,3/8/1974,alive,,,"Fardeen Khan,alive"
Farhan Akhtar,1/9/1974,alive,,,"Farhan Akhtar,alive"
Farooq Sheikh,3/25/1948,12/28/2013,,,"Farooq Sheikh, 28 December 2013"
Firoz Irani,3/13/1945,alive,,,"Firoz Irani,alive"
Gajanan Jagirdar,4/2/1907,8/13/1988,,,"Gajanan Jagirdar, 13 August 1988"
Ganesh Acharya,6/14/1971,alive,,,"Ganesh Acharya,alive"
Gavin Packard,6/9/1964,5/18/2012,,,"Gavin Packard, 18 May 2012"
Ghanashyam Nayak,5/12/1944,10/3/2021,,,"Ghanashyam Nayak, 3 October 2021"
Gippy Grewal,1/2/1983,alive,,,"Gippy Grewal,alive"
Girish Karnad,5/19/1938,6/10/2019,,,"Girish Karnad, 10 June 2019"
Girish Kumar,1/30/1989,alive,,,"Girish Kumar,alive"
Goga Kapoor,12/15/1940,3/3/2011,,,"Goga Kapoor, 3 March 2011"
Govind Namdev,9/3/1954,alive,,,"Govind Namdev,alive"
Gufi Paintal,10/4/1944,alive,,,"Gufi Paintal,alive"
Gulshan Grover,9/21/1955,alive,,,"Gulshan Grover,alive"
Gurmeet Choudhary,2/22/1984,alive,,,"Gurmeet Choudhary,alive"
Guru Dutt,7/9/1925,10/10/1964,,,"Guru Dutt, 10 October 1964"
Harindranath Chattopadhyay,4/2/1898,6/23/1990,,,"Harindranath Chattopadhyay, 23 June 1990"
Harish Patel,7/5/1953,alive,,,"Harish Patel,alive"
Harshad Chopda,5/17/1983,alive,,,"Harshad Chopda,alive"
Harman Baweja,11/13/1980,alive,,,"Harman Baweja,alive"
Harsh Chhaya,12/2/1966,alive,,,"Harsh Chhaya,alive"
Harshvardhan Kapoor,11/9/1990,alive,,,"Harshvardhan Kapoor,alive"
Harshvardhan Rane,12/16/1983,alive,,,"Harshvardhan Rane,alive"
Hemant Birje,8/19/1965,alive,,,"Hemant Birje,alive"
Himansh Kohli,11/3/1989,alive,,,"Himansh Kohli,alive"
Himanshu Malik,5/21/1973,alive,,,"Himanshu Malik,alive"
Himesh Reshammiya,7/23/1973,alive,,,"Himesh Reshammiya,alive"
Hiten Paintal,12/19/1978,alive,,,"Hiten Paintal,alive"
Honey Singh,3/15/1983,alive,,,"Honey Singh,alive"
Hrithik Roshan,1/10/1974,alive,,,"Hrithik Roshan,alive"
I. S. Johar,2/16/1920,3/10/1984,,,"I. S. Johar, 10 March 1984"
Iftekhar,2/22/1924,3/4/1995,,,"Iftekhar, 4 March 1995"
Imran Khan,10/5/1952,alive,,,"Imran Khan,alive"
Irrfan Khan,1/7/1967,4/29/2020,,,"Irrfan Khan, 29 April 2020"
Inaamulhaq,11/14/1979,alive,,,"Inaamulhaq,alive"
Inder Kumar,8/26/1973,7/28/2017,,,"Inder Kumar, 28 July 2017"
Indraneil Sengupta,9/8/1974,alive,,,"Indraneil Sengupta,alive"
Ishaan Khatter,11/1/1995,alive,,,"Ishaan Khatter,alive"
Jack Gaud,5/11/1905,6/8/2000,,,"Jack Gaud, 8 June 2000"
Jackie Shroff,2/1/1957,alive,,,"Jackie Shroff,alive"
Jackky Bhagnani,12/25/1984,alive,,,"Jackky Bhagnani,alive"
Jagdeep,3/29/1939,7/8/2020,,,"Jagdeep, 8 July 2020"
Jamnadas Majethia,2/5/1969,alive,,,"Jamnadas Majethia,alive"
Jassie Gill,11/26/1988,alive,,,"Jassie Gill,alive"
Jatin Sarna,11/2/1984,alive,,,"Jatin Sarna,alive"
Javed Jaffrey,12/4/1963,alive,,,"Javed Jaffrey,alive"
Jay Bhanushali,12/25/1984,alive,,,"Jay Bhanushali,alive"
Jay Mehta,1/18/1961,alive,,,"Jay Mehta,alive"
Jeetendra,4/7/1942,alive,,,"Jeetendra,alive"
Jim Sarbh,8/27/1987,alive,,,"Jim Sarbh,alive"
Jimmy Shergill,12/3/1970,alive,,,"Jimmy Shergill,alive"
Jisshu Sengupta,3/15/1977,alive,,,"Jisshu Sengupta,alive"
Jitendra Kumar,9/1/1990,alive,,,"Jitendra Kumar,alive"
John Abraham,12/17/1972,alive,,,"John Abraham,alive"
Johnny Lever,8/14/1957,alive,,,"Johnny Lever,alive"
Joy Mukherjee,2/24/1939,3/9/2012,,,"Joy Mukherjee, 9 March 2012"
Jugal Hansraj,7/26/1972,alive,,,"Jugal Hansraj,alive"
Kabir Bedi,1/16/1946,alive,,,"Kabir Bedi,alive"
Kader Khan,10/22/1937,12/31/2018,,,"Kader Khan, 31 December 2018"
Kamaal R. Khan,1/1/1975,alive,,,"Kamaal R. Khan,alive"
Kamal Haasan,11/7/1954,alive,,,"Kamal Haasan,alive"
Kamal Kapoor,2/22/1920,8/2/2010,,,"Kamal Kapoor, 2 August 2010"
Kapil Sharma,4/2/1981,alive,,,"Kapil Sharma,alive"
Karan Grover,6/22/1982,alive,,,"Karan Grover,alive"
Karan Johar,5/25/1972,alive,,,"Karan Johar,alive"
Karan Kapoor,1/18/1962,alive,,,"Karan Kapoor,alive"
Karan Kundrra,10/11/1984,alive,,,"Karan Kundrra,alive"
Karan Patel,11/23/1983,alive,,,"Karan Patel,alive"
Karan Singh Grover,2/23/1982,alive,,,"Karan Singh Grover,alive"
Karan Wahi,6/9/1986,alive,,,"Karan Wahi,alive"
Karanvir Bohra,8/28/1982,alive,,,"Karanvir Bohra,alive"
Karmveer Choudhary,7/24/1963,alive,,,"Karmveer Choudhary,alive"
Kartik Aaryan,11/22/1990,alive,,,"Kartik Aaryan,alive"
Kay Kay Menon,10/2/1965,alive,,,"Kay Kay Menon,alive"
Kharaj Mukherjee,7/7/1963,alive,,,"Kharaj Mukherjee,alive"
Kiran Kumar,10/20/1953,alive,,,"Kiran Kumar,alive"
Kishore Kumar,8/4/1929,10/13/1987,,,"Kishore Kumar, 13 October 1987"
K. L. Saigal,4/11/1904,1/18/1947,,,"K. L. Saigal, 18 January 1947"
K. N. Singh,9/1/1908,1/31/2000,,,"K. N. Singh, 31 January 2000"
Krishan Dhawan,4/9/1905,5/20/2023,,,"Krishan Dhawan, May 20, 1994"
Kulbhushan Kharbanda,10/21/1944,alive,,,"Kulbhushan Kharbanda,alive"
Kumar Gaurav,7/11/1956,alive,,,"Kumar Gaurav,alive"
Kunal Goswami,11/24/1961,alive,,,"Kunal Goswami,alive"
Kunal Khemu,5/25/1983,alive,,,"Kunal Khemu,alive"
Kushal Punjabi,4/23/1977,12/26/2019,,,"Kushal Punjabi, 26 December 2019"
Laxmikant Berde,10/26/1954,12/16/2023,,,"Laxmikant Berde, December 16, 2004"
M. K. Raina,7/24/1948,alive,,,"M. K. Raina,alive"
Madan Puri,9/30/1915,1/13/1985,,,"Madan Puri, 13 January 1985"
Madhukar Toradmal,7/24/1932,7/2/2017,,,"Madhukar Toradmal, 2 July 2017"
Mahavir Shah,4/5/1960,8/31/2000,,,"Mahavir Shah, 31 August 2000"
Mahendra Sandhu,4/18/1947,alive,,,"Mahendra Sandhu,alive"
Mahesh Anand,8/13/1961,2/9/2019,,,"Mahesh Anand, 9 February 2019"
Mahesh Manjrekar,8/16/1958,alive,,,"Mahesh Manjrekar,alive"
Mahipal,11/24/1919,5/15/2005,,,"Mahipal, 15 May 2005"
Mamik Singh,5/3/1963,alive,,,"Mamik Singh,alive"
Mammootty,9/7/1951,alive,,,"Mammootty,alive"
Manav Gohil,11/9/1974,alive,,,"Manav Gohil,alive"
Manav Kaul,12/19/1976,alive,,,"Manav Kaul,alive"
Manav Vij,1/2/1977,alive,,,"Manav Vij,alive"
Manish Chaudhari,2/16/1969,alive,,,"Manish Chaudhari,alive"
Manish Malhotra,12/5/1966,alive,,,"Manish Malhotra,alive"
Manish Paul,8/3/1981,alive,,,"Manish Paul,alive"
Manjot Singh,7/7/1992,alive,,,"Manjot Singh,alive"
Manmohan Krishna,2/26/1922,11/3/1990,,,"Manmohan Krishna, 3 November 1990"
Manohar Singh,4/12/1938,11/14/2002,,,"Manohar Singh, 14 November 2002"
Manoj Bajpayee,4/23/1969,alive,,,"Manoj Bajpayee,alive"
Manoj Kumar,7/24/1937,alive,,,"Manoj Kumar,alive"
Manoj Pahwa,12/8/1963,alive,,,"Manoj Pahwa,alive"
Manoj Tiger,5/30/1976,alive,,,"Manoj Tiger,alive"
Marc Zuber,5/5/1944,5/28/2003,,,"Marc Zuber, 28 May 2003"
Meiyang Chang,10/6/1982,alive,,,"Meiyang Chang,alive"
Milind Gawali,6/16/1966,alive,,,"Milind Gawali,alive"
Milind Gunaji,7/23/1961,alive,,,"Milind Gunaji,alive"
Milind Soman,11/4/1965,alive,,,"Milind Soman,alive"
Mithun Chakraborty,6/16/1950,alive,,,"Mithun Chakraborty,alive"
Mohan Agashe,7/23/1947,alive,,,"Mohan Agashe,alive"
Mohan Gokhale,11/7/1953,4/29/1999,,,"Mohan Gokhale, 29 April 1999"
Mohan Kapur,10/27/1965,alive,,,"Mohan Kapur,alive"
Mohanlal,5/21/1960,alive,,,"Mohanlal,alive"
Mohan Raman,4/3/1956,alive,,,"Mohan Raman,alive"
Mohit Raina,8/14/1982,alive,,,"Mohit Raina,alive"
Mohnish Bahl,8/14/1961,alive,,,"Mohnish Bahl,alive"
Mudasir Zafar,11/29/1986,alive,,,"Mudasir Zafar,alive"
Mukesh Batra,7/1/1951,alive,,,"Mukesh Batra,alive"
Mukesh Khanna,6/23/1958,alive,,,"Mukesh Khanna,alive"
Mukesh Rishi,4/19/1956,alive,,,"Mukesh Rishi,alive"
Mukri,1/5/1922,9/4/2000,,,"Mukri, 4 September 2000"
Mukul Dev,9/17/1970,alive,,,"Mukul Dev,alive"
Mulraj Rajda,11/13/1931,9/23/2012,,,"Mulraj Rajda, 23 September 2012"
Murali Sharma,8/9/1972,alive,,,"Murali Sharma,alive"
Naga Chaitanya,11/23/1986,alive,,,"Naga Chaitanya,alive"
Nana Palshikar,3/21/1905,6/1/1984,,,"Nana Palshikar, 1 June 1984"
Nana Patekar,1/1/1951,alive,,,"Nana Patekar,alive"
Naresh Kanodia,8/20/1943,10/27/2020,,,"Naresh Kanodia, 27 October 2020"
Naseeruddin Shah,7/20/1950,alive,,,"Naseeruddin Shah,alive"
Naveen Polishetty,12/26/1989,alive,,,"Naveen Polishetty,alive"
Navin Nischol,3/18/1946,3/19/2011,,,"Navin Nischol, 19 March 2011"
Nawazuddin Siddiqui,5/19/1974,alive,,,"Nawazuddin Siddiqui,alive"
Nazir Hussain,5/15/1922,10/16/1987,,,"Nazir Hussain, 16 October 1987"
Neeraj Vora,1/22/1963,12/14/2017,,,"Neeraj Vora, 14 December 2017"
Neil Nitin Mukesh,1/15/1982,alive,,,"Neil Nitin Mukesh,alive"
Nikkhil Advani,4/28/1971,alive,,,"Nikkhil Advani,alive"
Nilu Phule,4/4/1930,7/13/2009,,,"Nilu Phule, 13 July 2009"
Nimai Bali,3/21/1969,alive,,,"Nimai Bali,alive"
Nitish Bharadwaj,6/2/1963,alive,,,"Nitish Bharadwaj,alive"
Om Puri,10/18/1950,1/6/2017,,,"Om Puri, 6 January 2017"
Omi Vaidya,1/10/1982,alive,,,"Omi Vaidya,alive"
Paidi Jairaj,9/28/1909,8/11/2000,,,"Paidi Jairaj, 11 August 2000"
Pankaj Berry,1/8/1956,alive,,,"Pankaj Berry,alive"
Pankaj Kapoor,5/29/1954,alive,,,"Pankaj Kapoor,alive"
Pankaj Tripathi,9/28/1976,alive,,,"Pankaj Tripathi,alive"
Parambrata Chatterjee,6/27/1980,alive,,,"Parambrata Chatterjee,alive"
Paresh Ganatra,2/19/1965,alive,,,"Paresh Ganatra,alive"
Paresh Rawal,5/30/1955,alive,,,"Paresh Rawal,alive"
Parikshat Sahni,1/1/1944,alive,,,"Parikshat Sahni,alive"
Pavan Malhotra,7/2/1958,alive,,,"Pavan Malhotra,alive"
Piyush Mishra,1/13/1963,alive,,,"Piyush Mishra,alive"
Prabhas,10/23/1979,alive,,,"Prabhas,alive"
Prabhu Deva,4/3/1973,alive,,,"Prabhu Deva,alive"
Pradeep Kumar,1/4/1925,11/3/2001,,,"Pradeep Kumar, 3 November 2001"
Prakash Raj,3/26/1965,alive,,,"Prakash Raj,alive"
Prateik Babbar,11/28/1986,alive,,,"Prateik Babbar,alive"
Pratik Gandhi,4/29/1980,alive,,,"Pratik Gandhi,alive"
Praveen Kumar,10/2/1986,alive,,,"Praveen Kumar,alive"
Prem Chopra,9/23/1935,alive,,,"Prem Chopra,alive"
Prem Kishen,7/5/1953,alive,,,"Prem Kishen,alive"
Prem Nath,11/21/1926,11/3/1992,,,"Prem Nath, 3 November 1992"
Prithviraj Kapoor,11/3/1906,5/29/1972,,,"Prithviraj Kapoor, 29 May 1972"
Prithviraj Sukumaran,10/16/1982,alive,,,"Prithviraj Sukumaran,alive"
Priyanshu Chatterjee,2/20/1973,alive,,,"Priyanshu Chatterjee,alive"
Pramod Chakravorty,8/15/1929,12/12/2004,,,"Pramod Chakravorty, 12 December 2004"
Prosenjit Chatterjee,9/30/1962,alive,,,"Prosenjit Chatterjee,alive"
Pulkit Samrat,12/29/1983,alive,,,"Pulkit Samrat,alive"
Puneet Issar,11/6/1959,alive,,,"Puneet Issar,alive"
Punit Pathak,11/1/1986,alive,,,"Punit Pathak,alive"
R. Madhavan,6/1/1970,alive,,,"R. Madhavan,alive"
Raaj Kumar,10/8/1926,7/3/1996,,,"Raaj Kumar, 3 July 1996"
Raghubir Yadav,6/25/1957,alive,,,"Raghubir Yadav,alive"
Rahil Azam,9/25/1981,alive,,,"Rahil Azam,alive"
Rahul Bose,7/27/1967,alive,,,"Rahul Bose,alive"
Rahul Dev,9/27/1968,alive,,,"Rahul Dev,alive"
Rahul Roy,2/9/1968,alive,,,"Rahul Roy,alive"
Rahul Varun,10/5/1993,alive,,,"Rahul Varun,alive"
Raj Arjun,2/8/1972,alive,,,"Raj Arjun,alive"
Raj Babbar,6/23/1952,alive,,,"Raj Babbar,alive"
Raj Kapoor,12/14/1924,6/2/1988,,,"Raj Kapoor, 2 June 1988"
Raj Mehra,5/20/1913,6/15/1905,,,"Raj Mehra, 1993"
Raj Zutshi,2/4/1961,alive,,,"Raj Zutshi,alive"
Rajat Bedi,1/1/1970,alive,,,"Rajat Bedi,alive"
Rajat Kapoor,2/11/1961,alive,,,"Rajat Kapoor,alive"
Rajeev Khandelwal,10/16/1975,alive,,,"Rajeev Khandelwal,alive"
Rajeev Mehta,6/14/1957,alive,,,"Rajeev Mehta,alive"
Rajendra Gupta,10/17/1947,alive,,,"Rajendra Gupta,alive"
Rajendra Kumar,7/20/1927,7/12/1999,,,"Rajendra Kumar, 12 July 1999"
Rajendra Nath,6/8/1931,2/13/2008,,,"Rajendra Nath, 13 February 2008"
Rajendranath Zutshi,2/4/1961,alive,,,"Rajendranath Zutshi,alive"
Rajesh Khanna,12/29/1942,7/18/2012,,,"Rajesh Khanna, 18 July 2012"
Rajesh Khattar,9/24/1966,alive,,,"Rajesh Khattar,alive"
Rajesh Khera,10/26/1968,alive,,,"Rajesh Khera,alive"
Rajesh Vivek,1/31/1949,1/14/2016,,,"Rajesh Vivek, 14 January 2016"
Rajinikanth,12/12/1950,alive,,,"Rajinikanth,alive"
Rajit Kapur,5/22/1960,alive,,,"Rajit Kapur,alive"
Rajkummar Rao,8/31/1984,alive,,,"Rajkummar Rao,alive"
Rajneesh Duggal,11/19/1979,alive,,,"Rajneesh Duggal,alive"
Rajpal Yadav,3/16/1971,alive,,,"Rajpal Yadav,alive"
Raju Kher,9/11/1957,alive,,,"Raju Kher,alive"
Raju Srivastav,12/25/1963,9/21/2022,,,"Raju Srivastav, 21 September 2022"
Rakesh Bapat,9/1/1978,alive,,,"Rakesh Bapat,alive"
Rakesh Bedi,12/1/1954,alive,,,"Rakesh Bedi,alive"
Rakesh Roshan,9/6/1949,alive,,,"Rakesh Roshan,alive"
Ram Charan,3/27/1985,alive,,,"Ram Charan,alive"
Ram Kapoor,9/1/1973,alive,,,"Ram Kapoor,alive"
Ramesh Deo,1/30/1929,2/2/2022,,,"Ramesh Deo, 2 February 2022"
Rana Daggubati,12/14/1984,alive,,,"Rana Daggubati,alive"
Ranbir Kapoor,9/28/1982,alive,,,"Ranbir Kapoor,alive"
Randeep Hooda,8/20/1976,alive,,,"Randeep Hooda,alive"
Randhir Kapoor,2/15/1947,alive,,,"Randhir Kapoor,alive"
Ranjeet,9/13/1942,alive,,,"Ranjeet,alive"
Ranveer Singh,7/6/1985,alive,,,"Ranveer Singh,alive"
Rashid Khan,9/20/1998,alive,,,"Rashid Khan,alive"
Ravi Kale,10/28/1973,alive,,,"Ravi Kale,alive"
Ravi Kishan,7/17/1969,alive,,,"Ravi Kishan,alive"
Raza Murad,11/23/1950,alive,,,"Raza Murad,alive"
Razzak Khan,3/28/1951,6/1/2016,,,"Razzak Khan, 1 June 2016"
Rishi Kapoor,9/4/1952,4/30/2020,,,"Rishi Kapoor, 30 April 2020"
Riteish Deshmukh,12/17/1978,alive,,,"Riteish Deshmukh,alive"
Rohan Mehra,4/8/1990,alive,,,"Rohan Mehra,alive"
Rohit Roy,4/5/1968,alive,,,"Rohit Roy,alive"
Rohit Saraf,12/8/1996,alive,,,"Rohit Saraf,alive"
Rohitash Gaud,3/24/1966,alive,,,"Rohitash Gaud,alive"
Ronit Roy,10/11/1965,alive,,,"Ronit Roy,alive"
Roopesh Kumar,1/16/1946,#REF!,,,"Roopesh Kumar,"
Sachin Khedekar,5/14/1965,alive,,,"Sachin Khedekar,alive"
Sachin Pilgaonkar,8/17/1957,alive,,,"Sachin Pilgaonkar,alive"
Saeed Jaffrey,1/8/1929,11/15/2015,,,"Saeed Jaffrey, 15 November 2015"
Saif Ali Khan,8/16/1970,alive,,,"Saif Ali Khan,alive"
Salim Ghouse,1/10/1952,4/28/2022,,,"Salim Ghouse, 28 April 2022"
Salim Khan,11/24/1935,alive,,,"Salim Khan,alive"
Salman Khan,12/27/1965,alive,,,"Salman Khan,alive"
Salman Yusuff Khan,6/12/1985,alive,,,"Salman Yusuff Khan,alive"
Sanjay Dutt,7/29/1959,alive,,,"Sanjay Dutt,alive"
Sanjay Kapoor,10/17/1965,alive,,,"Sanjay Kapoor,alive"
Sanjay Khan,1/3/1941,alive,,,"Sanjay Khan,alive"
Sanjay Suri,4/6/1971,alive,,,"Sanjay Suri,alive"
Sanjeev Kumar,7/9/1938,11/6/1985,,,"Sanjeev Kumar, 6 November 1985"
Sanjeev Tyagi,6/29/1971,alive,,,"Sanjeev Tyagi,alive"
Sarath Babu,7/31/1951,alive,,,"Sarath Babu,alive"
Satish Kaul,9/8/1946,4/10/2021,,,"Satish Kaul, 10 April 2021"
Satish Kaushik,4/13/1956,3/9/2023,,,"Satish Kaushik, 9 March 2023"
Satish Shah,6/25/1951,alive,,,"Satish Shah,alive"
Saurabh Shukla,3/5/1963,alive,,,"Saurabh Shukla,alive"
Sayaji Shinde,1/13/1959,alive,,,"Sayaji Shinde,alive"
Shadaab Khan,9/20/1973,alive,,,"Shadaab Khan,alive"
Shafi Inamdar,10/23/1945,3/13/1996,,,"Shafi Inamdar, 13 March 1996"
Shah Rukh Khan,11/2/1965,alive,,,"Shah Rukh Khan,alive"
Shahid Kapoor,2/25/1981,alive,,,"Shahid Kapoor,alive"
Shaheer Sheikh,3/26/1984,alive,,,"Shaheer Sheikh,alive"
Shakti Kapoor,9/3/1952,alive,,,"Shakti Kapoor,alive"
Shammi Kapoor,10/21/1931,8/14/2011,,,"Shammi Kapoor, 14 August 2011"
Shankar Nag,11/9/1954,9/30/1990,,,"Shankar Nag, 30 September 1990"
Sharad Kapoor,2/13/1976,alive,,,"Sharad Kapoor,alive"
Sharat Saxena,8/17/1950,alive,,,"Sharat Saxena,alive"
Sharman Joshi,4/28/1979,alive,,,"Sharman Joshi,alive"
Shashi Kapoor,3/18/1938,12/4/2017,,,"Shashi Kapoor, 4 December 2017"
Shatrughan Sinha,4/16/2022,alive,,,"Shatrughan Sinha,alive"
Sheikh Mukhtar,12/24/1914,5/12/1980,,,"Sheikh Mukhtar, 12 May 1980"
Shiney Ahuja,5/15/1973,alive,,,"Shiney Ahuja,alive"
Shishir Sharma,1/10/1955,alive,,,"Shishir Sharma,alive"
Shivaji Satam,4/21/1950,alive,,,"Shivaji Satam,alive"
Shreyas Talpade,1/27/1976,alive,,,"Shreyas Talpade,alive"
Shriram Lagoo,11/16/1927,12/17/2019,,,"Shriram Lagoo, 17 December 2019"
Siddhant Chaturvedi,4/29/1993,alive,,,"Siddhant Chaturvedi,alive"
Siddharth Ray,7/19/1963,3/8/2004,,,"Siddharth Ray, 8 March 2004"
Sidhant Gupta,4/23/1989,alive,,,"Sidhant Gupta,alive"
Sidharth Malhotra,1/16/1985,alive,,,"Sidharth Malhotra,alive"
Sidharth Shukla,12/12/1980,9/2/2021,,,"Sidharth Shukla, 2 September 2021"
Sikandar Kher,10/31/1981,alive,,,"Sikandar Kher,alive"
Sohail Khan,12/20/1970,alive,,,"Sohail Khan,alive"
Sonu Sood,7/30/1973,alive,,,"Sonu Sood,alive"
Sooraj Pancholi,11/9/1990,alive,,,"Sooraj Pancholi,alive"
Subrat Dutta,11/16/1975,alive,,,"Subrat Dutta,alive"
Sudeep,9/2/1973,alive,,,"Sudeep,alive"
Sudesh Berry,7/20/1960,alive,,,"Sudesh Berry,alive"
Sudhanshu Pandey,8/22/1974,alive,,,"Sudhanshu Pandey,alive"
Sudhir Dalvi,3/20/1939,alive,,,"Sudhir Dalvi,alive"
Sudhir Pandey,12/22/1953,alive,,,"Sudhir Pandey,alive"
Sujit Kumar,2/7/1934,2/5/2010,,,"Sujit Kumar, 5 February 2010"
Sumeet Vyas,7/27/1983,alive,,,"Sumeet Vyas,alive"
Sumeet Raghavan,4/22/1971,alive,,,"Sumeet Raghavan,alive"
Suniel Shetty,8/11/1961,alive,,,"Suniel Shetty,alive"
Sunil Dutt,6/6/1929,5/25/2005,,,"Sunil Dutt, 25 May 2005"
Sunil Grover,8/3/1977,alive,,,"Sunil Grover,alive"
Sunil Lahri,1/9/1961,alive,,,"Sunil Lahri,alive"
Sunil Pal,5/2/1975,alive,,,"Sunil Pal,alive"
Sunny Deol,10/19/1956,alive,,,"Sunny Deol,alive"
Sunny Kaushal,9/28/1989,alive,,,"Sunny Kaushal,alive"
Surendra Pal,9/25/1953,alive,,,"Surendra Pal,alive"
Suresh Oberoi,12/17/1946,alive,,,"Suresh Oberoi,alive"
Suriya,7/23/1975,alive,,,"Suriya,alive"
Sushant Singh,3/9/1972,alive,,,"Sushant Singh,alive"
Sushant Singh Rajput,1/21/1986,6/14/2020,,,"Sushant Singh Rajput, 14 June 2020"
Swapnil Joshi,10/18/1977,alive,,,"Swapnil Joshi,alive"
Tahir Raj Bhasin,4/21/1987,alive,,,"Tahir Raj Bhasin,alive"
Tarun Bose,9/28/1928,3/8/1972,,,"Tarun Bose, 8 March 1972"
Tej Sapru,1/5/1955,alive,,,"Tej Sapru,alive"
Thakur Anoop Singh,3/23/1989,alive,,,"Thakur Anoop Singh,alive"
Tiger Shroff,3/2/1990,alive,,,"Tiger Shroff,alive"
Tiku Talsania,6/7/1954,alive,,,"Tiku Talsania,alive"
Tinnu Anand,10/12/1945,alive,,,"Tinnu Anand,alive"
Tom Alter,6/22/1950,9/29/2017,,,"Tom Alter, 29 September 2017"
Tota Roy Chowdhury,7/9/1976,alive,,,"Tota Roy Chowdhury,alive"
Trilok Kapoor,2/11/1912,9/23/1988,,,"Trilok Kapoor, 23 September 1988"
Tusshar Kapoor,11/20/1976,alive,,,"Tusshar Kapoor,alive"
Uday Chopra,1/5/1973,alive,,,"Uday Chopra,alive"
Upen Patel,8/16/1982,alive,,,"Upen Patel,alive"
Upendra Limaye,11/8/1969,alive,,,"Upendra Limaye,alive"
Upendra Trivedi,7/14/1936,1/4/2015,,,"Upendra Trivedi, 4 January 2015"
Utpal Dutt,3/29/1929,8/19/1993,,,"Utpal Dutt, 19 August 1993"
Uttam Kumar,9/3/1926,7/24/1980,,,"Uttam Kumar, 24 July 1980"
Varun Badola,1/7/1974,alive,,,"Varun Badola,alive"
Varun Dhawan,4/24/1987,alive,,,"Varun Dhawan,alive"
Varun Sharma,2/4/1990,alive,,,"Varun Sharma,alive"
Vicky Kaushal,5/16/1988,alive,,,"Vicky Kaushal,alive"
Victor Banerjee,10/15/1946,alive,,,"Victor Banerjee,alive"
Vidyut Jammwal,12/10/1980,alive,,,"Vidyut Jammwal,alive"
Vijay Arora,12/27/1944,2/2/2007,,,"Vijay Arora, 2 February 2007"
Vijay Raaz,6/5/1963,alive,,,"Vijay Raaz,alive"
Vijay Varma,3/29/1986,alive,,,"Vijay Varma,alive"
Viju Khote,12/17/1941,9/30/2019,,,"Viju Khote, 30 September 2019"
Vikrant Massey,4/3/1987,alive,,,"Vikrant Massey,alive"
Vinay Anand,3/23/1978,alive,,,"Vinay Anand,alive"
Vinay Pathak,7/27/1968,alive,,,"Vinay Pathak,alive"
Vinod Khanna,10/6/1946,4/27/2017,,,"Vinod Khanna, 27 April 2017"
Vinod Mehra,2/13/1945,10/30/1990,,,"Vinod Mehra, 30 October 1990"
Virendra Saxena,11/23/1951,alive,,,"Virendra Saxena,alive"
Vishal Kotian,2/13/1979,alive,,,"Vishal Kotian,alive"
Vishwajeet Pradhan,9/11/1965,alive,,,"Vishwajeet Pradhan,alive"
Vivan Bhatena,10/28/1978,alive,,,"Vivan Bhatena,alive"
Vivek Mushran,8/9/1969,alive,,,"Vivek Mushran,alive"
Vivek Oberoi,9/3/1976,alive,,,"Vivek Oberoi,alive"
Yash Tonk,10/30/1971,alive,,,"Yash Tonk,alive"
Zayed Khan,7/5/1980,alive,,,"Zayed Khan,alive"
Zubeen Garg,11/18/1972,alive,,,"Zubeen Garg,alive"
Aamna Sharif,7/16/1982,alive,,,"Aamna Sharif,alive"
Aarti Agarwal,3/5/1984,6/6/2023,,,"Aarti Agarwal, June 6, 2015"
Aarti Chhabria,11/21/1982,alive,,,"Aarti Chhabria,alive"
Adah Sharma,5/11/1992,alive,,,"Adah Sharma,alive"
Aditi Arya,9/18/1993,alive,,,"Aditi Arya,alive"
Aditi Govitrikar,5/21/1974,alive,,,"Aditi Govitrikar,alive"
Aditi Sarangdhar,10/16/1981,alive,,,"Aditi Sarangdhar,alive"
Ahaana Krishna,10/13/1995,alive,,,"Ahaana Krishna,alive"
Ahsaas Channa,8/5/1999,alive,,,"Ahsaas Channa,alive"
Aindrita Ray,3/3/1985,alive,,,"Aindrita Ray,alive"
Aisha Sharma,1/25/1989,alive,,,"Aisha Sharma,alive"
Aishwarya Rai Bachchan,11/1/1973,alive,,,"Aishwarya Rai Bachchan,alive"
Aishwarya Rajesh,1/10/1990,alive,,,"Aishwarya Rajesh,alive"
Akshara Haasan,10/12/1991,alive,,,"Akshara Haasan,alive"
Alia Bhatt,3/15/1993,alive,,,"Alia Bhatt,alive"
Alaya Furniturewala,11/28/1997,alive,,,"Alaya Furniturewala,alive"
Amala Akkineni,9/12/1967,alive,,,"Amala Akkineni,alive"
Amala Paul,10/26/1991,alive,,,"Amala Paul,alive"
Ameesha Patel,6/9/1975,alive,,,"Ameesha Patel,alive"
Amrita Arora,1/31/1981,alive,,,"Amrita Arora,alive"
Amrita Singh,2/9/1958,alive,,,"Amrita Singh,alive"
Amrutha Iyengar,7/26/1996,alive,,,"Amrutha Iyengar,alive"
Amruta Khanvilkar,11/23/1984,alive,,,"Amruta Khanvilkar,alive"
Amyra Dastur,5/7/1992,alive,,,"Amyra Dastur,alive"
Amy Jackson,1/31/1992,alive,,,"Amy Jackson,alive"
Ananya Panday,10/30/1998,alive,,,"Ananya Panday,alive"
Anaswara Kumar,1/1/1994,alive,,,"Anaswara Kumar,alive"
Anaswara Rajan,9/8/2002,alive,,,"Anaswara Rajan,alive"
Anindita Nayar,7/1/1988,alive,,,"Anindita Nayar,alive"
Anita Hassanandani Reddy,4/14/1981,alive,,,"Anita Hassanandani Reddy,alive"
Anita Guha,1/17/1932,6/20/2007,,,"Anita Guha, 20 June 2007"
Anjali Devi,8/24/1927,1/13/2014,,,"Anjali Devi, 13 January 2014"
Anjana Sukhani,12/10/1978,alive,,,"Anjana Sukhani,alive"
Ankita Lokhande,12/19/1984,alive,,,"Ankita Lokhande,alive"
Anu Aggarwal,1/11/1969,alive,,,"Anu Aggarwal,alive"
Anu Sithara,8/21/1995,alive,,,"Anu Sithara,alive"
Anupama Parameswaran,2/18/1996,alive,,,"Anupama Parameswaran,alive"
Anupriya Goenka,5/29/1987,alive,,,"Anupriya Goenka,alive"
Anusha Dandekar,1/9/1982,alive,,,"Anusha Dandekar,alive"
Anushka Sen,8/4/2002,alive,,,"Anushka Sen,alive"
Anushka Sharma,5/1/1988,alive,,,"Anushka Sharma,alive"
Anushka Shetty,11/7/1981,alive,,,"Anushka Shetty,alive"
Anya Singh,12/29/1992,alive,,,"Anya Singh,alive"
Aparnaa Bajpai,9/4/1990,alive,,,"Aparnaa Bajpai,alive"
Aparna Balamurali,9/11/1995,alive,,,"Aparna Balamurali,alive"
Archana Jose Kavi,1/4/1990,alive,,,"Archana Jose Kavi,alive"
Archana Puran Singh,9/26/1962,alive,,,"Archana Puran Singh,alive"
Archana Gupta,3/1/1990,alive,,,"Archana Gupta,alive"
Aruna Irani,5/3/1946,alive,,,"Aruna Irani,alive"
Asawari Joshi,5/6/1965,alive,,,"Asawari Joshi,alive"
Asha Negi,8/23/1989,alive,,,"Asha Negi,alive"
Asha Bhat,9/5/1992,alive,,,"Asha Bhat,alive"
Asha Parekh,10/2/1942,alive,,,"Asha Parekh,alive"
Ashnoor Kaur,5/3/2004,alive,,,"Ashnoor Kaur,alive"
Ashwini Bhave,5/7/1972,alive,,,"Ashwini Bhave,alive"
Ashwini Kalsekar,1/22/1970,alive,,,"Ashwini Kalsekar,alive"
Asin Thottumkal,10/26/1985,alive,,,"Asin Thottumkal,alive"
Athiya Shetty,11/5/1992,alive,,,"Athiya Shetty,alive"
Athulya Ravi,12/21/1994,alive,,,"Athulya Ravi,alive"
Ayesha Raza,9/26/1977,alive,,,"Ayesha Raza,alive"
Ayesha Takia,4/10/1986,alive,,,"Ayesha Takia,alive"
Avneet Kaur,10/13/2001,alive,,,"Avneet Kaur,alive"
Babita,4/20/1947,alive,,,"Babita,alive"
Barkha Singh,8/3/1992,alive,,,"Barkha Singh,alive"
Barsha Priyadarshini,8/7/1984,alive,,,"Barsha Priyadarshini,alive"
Beena Banerjee,2/19/1943,alive,,,"Beena Banerjee,alive"
Bhagyashree Patwardhan,2/23/1969,alive,,,"Bhagyashree Patwardhan,alive"
Bhama,5/23/1988,alive,,,"Bhama,alive"
Bhanupriya,1/15/1967,alive,,,"Bhanupriya,alive"
Bharathi Vishnuvardhan,8/15/1950,alive,,,"Bharathi Vishnuvardhan,alive"
Bhargavi Narayan,2/4/1938,2/14/2022,,,"Bhargavi Narayan, 14 February 2022"
Bhavana Rao,6/6/1989,alive,,,"Bhavana Rao,alive"
Bhavya,1/12/1966,alive,,,"Bhavya,alive"
Bhoomika Chawla,8/21/1978,alive,,,"Bhoomika Chawla,alive"
Bhumi Pednekar,7/18/1989,alive,,,"Bhumi Pednekar,alive"
Bijoya Ray,10/27/1917,6/2/2015,,,"Bijoya Ray, 2 June 2015"
Bindu Madhavi,6/14/1986,alive,,,"Bindu Madhavi,alive"
Bipasha Basu,1/7/1979,alive,,,"Bipasha Basu,alive"
Bina Rai,7/13/1931,12/6/2009,,,"Bina Rai, 6 December 2009"
Bruna Abdullah,10/24/1986,alive,,,"Bruna Abdullah,alive"
Celina Jaitley,11/24/1981,alive,,,"Celina Jaitley,alive"
Charmila,10/2/1974,alive,,,"Charmila,alive"
Charmy Kaur,5/17/1987,alive,,,"Charmy Kaur,alive"
Charu Asopa,2/27/1988,alive,,,"Charu Asopa,alive"
Chhavi Mittal,9/4/1980,alive,,,"Chhavi Mittal,alive"
Chithra,7/27/1963,alive,,,"Chithra,alive"
Chitrangada Singh,3/28/1976,alive,,,"Chitrangada Singh,alive"
Catherine Tresa,9/10/1989,alive,,,"Catherine Tresa,alive"
Daisy Shah,8/25/1984,alive,,,"Daisy Shah,alive"
Debashree Roy,8/8/1962,alive,,,"Debashree Roy,alive"
Deeksha Seth,2/14/1990,alive,,,"Deeksha Seth,alive"
Deepa Sahi,11/30/1962,alive,,,"Deepa Sahi,alive"
Deepika Padukone,1/5/1986,alive,,,"Deepika Padukone,alive"
Deepti Naval,2/3/1952,alive,,,"Deepti Naval,alive"
Deepti Bhatnagar,9/30/1967,alive,,,"Deepti Bhatnagar,alive"
Devika,4/25/1943,5/2/2002,,,"Devika, 2 May 2002"
Devika Rani Roerich,3/30/1908,3/9/1994,,,"Devika Rani Roerich, 9 March 1994"
Dia Mirza,12/9/1981,alive,,,"Dia Mirza,alive"
Diana Hayden,5/1/1973,alive,,,"Diana Hayden,alive"
Diana Penty,11/2/1985,alive,,,"Diana Penty,alive"
Digangana Suryavanshi,10/15/1997,alive,,,"Digangana Suryavanshi,alive"
Dimple Kapadia,6/8/1957,alive,,,"Dimple Kapadia,alive"
Dipannita Sharma,11/2/1979,alive,,,"Dipannita Sharma,alive"
Disha Parmar,11/11/1994,alive,,,"Disha Parmar,alive"
Divya Bharati,2/25/1974,4/5/1993,,,"Divya Bharati, 5 April 1993"
Divya Dutta,9/25/1977,alive,,,"Divya Dutta,alive"
Divyanka Tripathi,12/14/1984,alive,,,"Divyanka Tripathi,alive"
Drashti Dhami,1/10/1985,alive,,,"Drashti Dhami,alive"
Esha Deol,11/2/1981,alive,,,"Esha Deol,alive"
Esha Gupta,11/28/1985,alive,,,"Esha Gupta,alive"
Eesha Rebba,4/19/1990,alive,,,"Eesha Rebba,alive"
Elina Samantray,7/23/1996,alive,,,"Elina Samantray,alive"
Farida Jalal,5/18/1950,alive,,,"Farida Jalal,alive"
Fatima Sana Shaikh,1/11/1992,alive,,,"Fatima Sana Shaikh,alive"
Freida Pinto,10/18/1984,alive,,,"Freida Pinto,alive"
Gajala,4/24/1985,alive,,,"Gajala,alive"
Gauahar Khan,8/23/1983,alive,,,"Gauahar Khan,alive"
Gauri Karnik,12/20/1977,alive,,,"Gauri Karnik,alive"
Gautami,7/2/1969,alive,,,"Gautami,alive"
Gayathri Raguram,4/23/1984,alive,,,"Gayathri Raguram,alive"
Geeta Basra,3/13/1984,alive,,,"Geeta Basra,alive"
Geeta Dutt,11/23/1930,7/20/1972,,,"Geeta Dutt, 20 July 1972"
Geetu Mohandas,6/8/1981,alive,,,"Geetu Mohandas,alive"
Genelia D'Souza,8/5/1987,alive,,,"Genelia D'Souza,alive"
Girija Lokesh,1/10/1951,alive,,,"Girija Lokesh,alive"
Girija Shettar,7/20/1969,alive,,,"Girija Shettar,alive"
Gopika,2/1/1984,alive,,,"Gopika,alive"
Gowri Munjal,8/9/1985,alive,,,"Gowri Munjal,alive"
Gul Panag,1/3/1979,alive,,,"Gul Panag,alive"
Hansika Motwani,8/9/1991,alive,,,"Hansika Motwani,alive"
Haripriya,10/29/1991,alive,,,"Haripriya,alive"
Hazel Keech,2/28/1987,alive,,,"Hazel Keech,alive"
Hema Malini,10/16/1948,alive,,,"Hema Malini,alive"
Huma Qureshi,7/28/1986,alive,,,"Huma Qureshi,alive"
Humaima Malik,11/18/1987,alive,,,"Humaima Malik,alive"
Hebah Patel,1/6/1989,alive,,,"Hebah Patel,alive"
Hina Khan,10/2/1987,alive,,,"Hina Khan,alive"
Hiba Nawab,11/14/1996,alive,,,"Hiba Nawab,alive"
Isha Chawla,3/6/1988,alive,,,"Isha Chawla,alive"
Isha Talwar,12/22/1987,alive,,,"Isha Talwar,alive"
Ishita Dutta,8/26/1990,alive,,,"Ishita Dutta,alive"
Ishita Raj Sharma,7/12/1990,alive,,,"Ishita Raj Sharma,alive"
Izabelle Leite,9/1/1990,alive,,,"Izabelle Leite,alive"
Ileana D'Cruz,11/1/1987,alive,,,"Ileana D'Cruz,alive"
Jacqueline Fernandez,8/11/1985,alive,,,"Jacqueline Fernandez,alive"
Jannat Zubair Rahmani,8/29/2001,alive,,,"Jannat Zubair Rahmani,alive"
Janhvi Kapoor,3/6/1997,alive,,,"Janhvi Kapoor,alive"
Jasmin Bhasin,6/28/1990,alive,,,"Jasmin Bhasin,alive"
Jayabharathi,6/28/1954,alive,,,"Jayabharathi,alive"
Jayachitra,9/9/1957,alive,,,"Jayachitra,alive"
J. Jayalalithaa,2/24/1948,12/5/2016,,,"J. Jayalalithaa, 5 December 2016"
Jaya Bachchan,4/9/1948,alive,,,"Jaya Bachchan,alive"
Jaya Prada,4/3/1962,alive,,,"Jaya Prada,alive"
Jayasudha,12/17/1958,alive,,,"Jayasudha,alive"
Jennifer Winget,5/30/1985,alive,,,"Jennifer Winget,alive"
Jiya Khan,2/20/1988,6/3/2013,,,"Jiya Khan, 3 June 2013"
Jugnu Ishiqui,12/24/1989,alive,,,"Jugnu Ishiqui,alive"
Juhi Chawla,11/13/1967,alive,,,"Juhi Chawla,alive"
Jyothika,10/18/1978,alive,,,"Jyothika,alive"
Jonita Gandhi,10/23/1989,alive,,,"Jonita Gandhi,alive"
Kainaat Arora,12/2/1986,alive,,,"Kainaat Arora,alive"
Kajal Aggarwal,6/19/1985,alive,,,"Kajal Aggarwal,alive"
Kajol,8/5/1974,alive,,,"Kajol,alive"
Kalki Koechlin,1/10/1984,alive,,,"Kalki Koechlin,alive"
Kalpana (Kannada actress),7/18/1943,5/12/1979,,,"Kalpana (Kannada actress), 12 May 1979"
Kalpana (Hindi Film actress),7/18/1946,1/4/2012,,,"Kalpana (Hindi Film actress), 4 January 2012"
Kalpana (Malayalam actress),10/5/1965,1/25/2016,,,"Kalpana (Malayalam actress), 25 January 2016"
Kalpana Iyer,7/26/1956,alive,,,"Kalpana Iyer,alive"
Kalpana Kartik,8/19/1931,alive,,,"Kalpana Kartik,alive"
Kalyani Priyadarshan,4/5/1993,alive,,,"Kalyani Priyadarshan,alive"
Kamini Kaushal,2/24/1927,alive,,,"Kamini Kaushal,alive"
Kamalinee Mukherjee,3/4/1980,alive,,,"Kamalinee Mukherjee,alive"
Kangana Ranaut,3/23/1987,alive,,,"Kangana Ranaut,alive"
Kareena Kapoor,9/21/1980,alive,,,"Kareena Kapoor,alive"
Karishma Kapoor,6/25/1974,alive,,,"Karishma Kapoor,alive"
Karishma Kotak,5/26/1982,alive,,,"Karishma Kotak,alive"
Karishma Sharma,12/22/1993,alive,,,"Karishma Sharma,alive"
Karishma Tanna,12/21/1983,alive,,,"Karishma Tanna,alive"
Karthika Nair,6/27/1992,alive,,,"Karthika Nair,alive"
Katrina Kaif,7/16/1983,alive,,,"Katrina Kaif,alive"
Kashmira Shah,12/2/1972,alive,,,"Kashmira Shah,alive"
Kaviyoor Ponnamma,9/10/1945,alive,,,"Kaviyoor Ponnamma,alive"
Kavya Madhavan,9/19/1984,alive,,,"Kavya Madhavan,alive"
Keerthi Bhat,6/2/1999,alive,,,"Keerthi Bhat,alive"
Keerthi Suresh,10/17/1992,alive,,,"Keerthi Suresh,alive"
Kiara Advani,7/31/1991,alive,,,"Kiara Advani,alive"
Kimi Verma,11/20/1977,alive,,,"Kimi Verma,alive"
Kiran Rathod,1/11/1981,alive,,,"Kiran Rathod,alive"
Kirron Kher,6/14/1952,alive,,,"Kirron Kher,alive"
Kiran Juneja,2/10/1964,alive,,,"Kiran Juneja,alive"
Kirti Kulhari,5/30/1985,alive,,,"Kirti Kulhari,alive"
Kitu Gidwani,10/22/1967,alive,,,"Kitu Gidwani,alive"
Koel Mallick,4/28/1982,alive,,,"Koel Mallick,alive"
Koena Mitra,1/7/1984,alive,,,"Koena Mitra,alive"
Konkona Sen Sharma,12/3/1979,alive,,,"Konkona Sen Sharma,alive"
Kriti Kharbanda,10/29/1990,alive,,,"Kriti Kharbanda,alive"
Kriti Sanon,7/27/1990,alive,,,"Kriti Sanon,alive"
Kritika Kamra,10/25/1988,alive,,,"Kritika Kamra,alive"
Krystle D'Souza,3/1/1990,alive,,,"Krystle D'Souza,alive"
Khushbu Sundar,9/29/1970,alive,,,"Khushbu Sundar,alive"
Kuljeet Randhawa,1/29/1976,2/8/2006,,,"Kuljeet Randhawa, 8 February 2006"
Laila Mehdin,10/24/1980,alive,,,"Laila Mehdin,alive"
Lara Dutta,4/16/1978,alive,,,"Lara Dutta,alive"
Laxmi Chhaya,1/7/1948,5/9/2004,,,"Laxmi Chhaya, 9 May 2004"
Lakshmi Manchu,10/8/1977,alive,,,"Lakshmi Manchu,alive"
Lauren Gottlieb,6/8/1988,alive,,,"Lauren Gottlieb,alive"
Lavanya Tripathi,12/15/1990,alive,,,"Lavanya Tripathi,alive"
Leela Chitnis,9/9/1909,7/14/2003,,,"Leela Chitnis, 14 July 2003"
Leena Chandavarkar,8/29/1950,alive,,,"Leena Chandavarkar,alive"
Lilette Dubey,9/7/1953,alive,,,"Lilette Dubey,alive"
Lisa Ray,4/4/1972,alive,,,"Lisa Ray,alive"
Madhubala,2/14/1933,2/23/1969,,,"Madhubala, 23 February 1969"
Madhumitha,8/20/1981,alive,,,"Madhumitha,alive"
Madhuri Dixit,5/15/1967,alive,,,"Madhuri Dixit,alive"
Madhuri Itagi,10/7/1988,alive,,,"Madhuri Itagi,alive"
Madhurima Tuli,8/19/1986,alive,,,"Madhurima Tuli,alive"
Madhuurima,5/14/1987,alive,,,"Madhuurima,alive"
Madhura Naik,7/19/1987,alive,,,"Madhura Naik,alive"
Mahasweta Ray,7/2/1962,alive,,,"Mahasweta Ray,alive"
Mahek Chahal,2/1/1979,alive,,,"Mahek Chahal,alive"
Mahie Gill,12/19/1975,alive,,,"Mahie Gill,alive"
Mahika Sharma,7/26/1994,alive,,,"Mahika Sharma,alive"
Mahira Khan,12/21/1984,alive,,,"Mahira Khan,alive"
Mahua Roychoudhury,9/24/1958,7/22/1985,,,"Mahua Roychoudhury, 22 July 1985"
Mala Sinha,11/11/1936,alive,,,"Mala Sinha,alive"
Malashri,8/10/1973,alive,,,"Malashri,alive"
Malaika Arora,10/23/1973,alive,,,"Malaika Arora,alive"
Malavika Avinash,1/28/1976,alive,,,"Malavika Avinash,alive"
Malavika Mohanan,8/4/1993,alive,,,"Malavika Mohanan,alive"
Mallika Sherawat,10/24/1976,alive,,,"Mallika Sherawat,alive"
Mamta Kulkarni,4/20/1910,alive,,,"Mamta Kulkarni,alive"
Mamta Mohandas,11/14/1984,alive,,,"Mamta Mohandas,alive"
Mandana Karimi,5/19/1988,alive,,,"Mandana Karimi,alive"
Mandira Bedi,4/15/1972,alive,,,"Mandira Bedi,alive"
Manisha Koirala,8/16/1970,alive,,,"Manisha Koirala,alive"
Manjari Phadnis,7/10/1984,alive,,,"Manjari Phadnis,alive"
Manjima Mohan,3/11/1993,alive,,,"Manjima Mohan,alive"
Manju Warrier,9/10/1978,alive,,,"Manju Warrier,alive"
Manushi Chhillar,5/14/1997,alive,,,"Manushi Chhillar,alive"
Manya Pathak,1/16/1985,alive,,,"Manya Pathak,alive"
Mawra Hocane,9/28/1992,alive,,,"Mawra Hocane,alive"
Meena Kumari,8/1/1933,3/31/1972,,,"Meena Kumari, 31 March 1972"
Meenakshi Seshadri,11/16/1963,alive,,,"Meenakshi Seshadri,alive"
Meera Jasmine,2/15/1982,alive,,,"Meera Jasmine,alive"
Meera Nandan,11/26/1990,alive,,,"Meera Nandan,alive"
Meera Syal,6/27/1961,alive,,,"Meera Syal,alive"
Mehreen Pirzada,11/5/1995,alive,,,"Mehreen Pirzada,alive"
Megha Akash,10/26/1995,alive,,,"Megha Akash,alive"
Meghana Gaonkar,5/8/1986,alive,,,"Meghana Gaonkar,alive"
Meghna Naidu,9/19/1980,alive,,,"Meghna Naidu,alive"
Meghana Raj,5/3/1990,alive,,,"Meghana Raj,alive"
Merle Oberon,2/19/1911,11/23/1979,,,"Merle Oberon, 23 November 1979"
Minissha Lamba,1/18/1985,alive,,,"Minissha Lamba,alive"
Mini Mathur,8/21/1975,alive,,,"Mini Mathur,alive"
Mita Vashisht,11/2/1967,alive,,,"Mita Vashisht,alive"
Mishti,12/20/1987,alive,,,"Mishti,alive"
Mithila Palkar,1/11/1993,alive,,,"Mithila Palkar,alive"
Mona Singh,10/8/1981,alive,,,"Mona Singh,alive"
Monali Thakur,11/3/1985,alive,,,"Monali Thakur,alive"
Monica Bedi,1/18/1975,alive,,,"Monica Bedi,alive"
Moon Moon Sen,3/28/1954,alive,,,"Moon Moon Sen,alive"
Mouni Roy,9/28/1985,alive,,,"Mouni Roy,alive"
Mrinal Dev-Kulkarni,6/21/1971,alive,,,"Mrinal Dev-Kulkarni,alive"
Mrunal Thakur,8/1/1992,alive,,,"Mrunal Thakur,alive"
Mrunmayee Deshpande,5/29/1988,alive,,,"Mrunmayee Deshpande,alive"
Mumaith Khan,9/1/1985,alive,,,"Mumaith Khan,alive"
Mumtaz Shanti,5/28/1926,10/19/1994,,,"Mumtaz Shanti, 19 October 1994"
Mumtaz Sorcar,9/15/1986,alive,,,"Mumtaz Sorcar,alive"
Mugdha Godse,7/26/1986,alive,,,"Mugdha Godse,alive"
Munmun Dutta,9/28/1987,alive,,,"Munmun Dutta,alive"
Muskaan Mihani,6/26/1982,alive,,,"Muskaan Mihani,alive"
Mynavathi,7/26/1935,11/10/2012,,,"Mynavathi, 10 November 2012"
Nabha Natesh,12/11/1995,alive,,,"Nabha Natesh,alive"
Nagma,12/25/1974,alive,,,"Nagma,alive"
Nalini Jaywant,2/18/1926,12/22/2010,,,"Nalini Jaywant, 22 December 2010"
Namrata Shirodkar,1/22/1972,alive,,,"Namrata Shirodkar,alive"
Namitha,5/10/1981,alive,,,"Namitha,alive"
Namitha Pramod,9/19/1996,alive,,,"Namitha Pramod,alive"
Nandita Swetha,4/30/1990,alive,,,"Nandita Swetha,alive"
Nargis Fakhri,10/20/1979,alive,,,"Nargis Fakhri,alive"
Navaneet Kaur,1/3/1986,alive,,,"Navaneet Kaur,alive"
Navneet Kaur Dhillon,9/23/1992,alive,,,"Navneet Kaur Dhillon,alive"
Nayanthara,11/18/1984,alive,,,"Nayanthara,alive"
Nazriya Nazim,12/20/1994,alive,,,"Nazriya Nazim,alive"
Neelima Azeem,12/2/1958,alive,,,"Neelima Azeem,alive"
Neha Dhupia,8/27/1980,alive,,,"Neha Dhupia,alive"
Neha Hinge,4/30/1986,alive,,,"Neha Hinge,alive"
Neha Mahajan,8/18/1990,alive,,,"Neha Mahajan,alive"
Neeru Bajwa,8/26/1980,alive,,,"Neeru Bajwa,alive"
Nia Sharma,9/17/1990,alive,,,"Nia Sharma,alive"
Nidhi Subbaiah,2/16/1985,alive,,,"Nidhi Subbaiah,alive"
Niharika Konidela,12/18/1993,alive,,,"Niharika Konidela,alive"
Niharica Raizada,4/18/1990,alive,,,"Niharica Raizada,alive"
Nikita Dutta,11/13/1993,alive,,,"Nikita Dutta,alive"
Nikki Galrani,1/3/1992,alive,,,"Nikki Galrani,alive"
Nimmi,2/18/1933,3/25/2020,,,"Nimmi, 25 March 2020"
Nirupa Roy,1/4/1931,10/13/2004,,,"Nirupa Roy, 13 October 2004"
Nithya Menen,4/8/1988,alive,,,"Nithya Menen,alive"
Nivedita Jain,6/9/1979,6/10/1998,,,"Nivedita Jain, 10 June 1998"
Nivedita Joshi Saraf,1/10/1965,alive,,,"Nivedita Joshi Saraf,alive"
Nivetha Thomas,11/2/1995,alive,,,"Nivetha Thomas,alive"
Nivetha Pethuraj,11/30/1991,alive,,,"Nivetha Pethuraj,alive"
Noor Jehan,9/23/1926,12/23/2000,,,"Noor Jehan, 23 December 2000"
Nutan,6/4/1936,2/21/1991,,,"Nutan, 21 February 1991"
Nimrat Kaur,3/13/1982,alive,,,"Nimrat Kaur,alive"
Nushrat Bharucha,5/17/1985,alive,,,"Nushrat Bharucha,alive"
Oviya Helen,4/29/1991,alive,,,"Oviya Helen,alive"
Padma Lakshmi,9/1/1970,alive,,,"Padma Lakshmi,alive"
Padmini Kolhapure,11/1/1965,alive,,,"Padmini Kolhapure,alive"
Pallavi Joshi,4/4/1969,alive,,,"Pallavi Joshi,alive"
Pallavi Kulkarni,6/15/1982,alive,,,"Pallavi Kulkarni,alive"
Pallavi Sharda,3/5/1990,alive,,,"Pallavi Sharda,alive"
Pandari Bai,4/13/1905,1/29/2003,,,"Pandari Bai, 29 January 2003"
Pankhuri Awasthy,3/31/1991,alive,,,"Pankhuri Awasthy,alive"
Parineeti Chopra,10/22/1988,alive,,,"Parineeti Chopra,alive"
Parminder Nagra,10/5/1975,alive,,,"Parminder Nagra,alive"
Parvathy Jayaram,4/7/1970,alive,,,"Parvathy Jayaram,alive"
Parvathy Nair,12/5/1992,alive,,,"Parvathy Nair,alive"
Parvathy Omanakuttan,3/13/1987,alive,,,"Parvathy Omanakuttan,alive"
Parvati Melton,1/7/1988,alive,,,"Parvati Melton,alive"
Parvathy Thiruvothu,4/7/1988,alive,,,"Parvathy Thiruvothu,alive"
Parveen Babi,4/4/1954,1/20/2005,,,"Parveen Babi, 20 January 2005"
Patience Cooper,1/30/1902,6/15/1905,,,"Patience Cooper, 1993"
Patralekha,2/20/1990,alive,,,"Patralekha,alive"
Payal Rohatgi,11/9/1984,alive,,,"Payal Rohatgi,alive"
Payel Sarkar,2/10/1984,alive,,,"Payel Sarkar,alive"
Pooja Bedi,5/11/1970,alive,,,"Pooja Bedi,alive"
Pooja Bhatt,2/24/1972,alive,,,"Pooja Bhatt,alive"
Pooja Gandhi,10/7/1983,alive,,,"Pooja Gandhi,alive"
Pooja Gor,6/1/1991,alive,,,"Pooja Gor,alive"
Pooja Hegde,10/13/1990,alive,,,"Pooja Hegde,alive"
Pooja Sawant,1/25/1990,alive,,,"Pooja Sawant,alive"
Poonam Pandey,3/11/1991,alive,,,"Poonam Pandey,alive"
Poornima Bhagyaraj,7/27/1960,alive,,,"Poornima Bhagyaraj,alive"
Prayaga Martin,5/18/1995,alive,,,"Prayaga Martin,alive"
Prachi Desai,9/12/1988,alive,,,"Prachi Desai,alive"
Pranutan Bahl,3/10/1993,alive,,,"Pranutan Bahl,alive"
Prarthana Behere,1/5/1983,alive,,,"Prarthana Behere,alive"
Preity Zinta,1/31/1975,alive,,,"Preity Zinta,alive"
Prema Narayan,4/4/1955,alive,,,"Prema Narayan,alive"
Priti Sapru,12/24/1962,alive,,,"Priti Sapru,alive"
Priya Anand,9/17/1986,alive,,,"Priya Anand,alive"
Priya Bapat,9/18/1986,alive,,,"Priya Bapat,alive"
Priya Raman,6/18/1974,alive,,,"Priya Raman,alive"
Priya Bhavani Shankar,12/31/1989,alive,,,"Priya Bhavani Shankar,alive"
Priyamani,6/4/1984,alive,,,"Priyamani,alive"
Priyanka Chopra Jonas,7/18/1982,alive,,,"Priyanka Chopra Jonas,alive"
Priyanka Arul Mohan,11/20/1994,alive,,,"Priyanka Arul Mohan,alive"
Puja Banerjee,2/6/1987,alive,,,"Puja Banerjee,alive"
Purbi Joshi,8/19/1974,alive,,,"Purbi Joshi,alive"
Radhika Apte,9/7/1985,alive,,,"Radhika Apte,alive"
Radhika Madan,5/1/1995,alive,,,"Radhika Madan,alive"
Raadhika Sarathkumar,8/21/1963,alive,,,"Raadhika Sarathkumar,alive"
Rachana Narayanankutty,4/4/1983,alive,,,"Rachana Narayanankutty,alive"
Rachna Banerjee,10/2/1974,alive,,,"Rachna Banerjee,alive"
Radhika Kumaraswamy,11/11/1986,alive,,,"Radhika Kumaraswamy,alive"
Ragini Dwivedi,5/24/1990,alive,,,"Ragini Dwivedi,alive"
Ragini Khanna,12/9/1987,alive,,,"Ragini Khanna,alive"
Raima Sen,11/7/1979,alive,,,"Raima Sen,alive"
Rajisha Vijayan,7/15/1991,alive,,,"Rajisha Vijayan,alive"
Rajshree,10/8/1944,alive,,,"Rajshree,alive"
Rakhi Sawant,11/25/1978,alive,,,"Rakhi Sawant,alive"
Rakul Preet Singh,10/10/1990,alive,,,"Rakul Preet Singh,alive"
Raashi Khanna,11/30/1990,alive,,,"Raashi Khanna,alive"
Ranjeeta Kaur,9/22/1956,alive,,,"Ranjeeta Kaur,alive"
Ranjitha,6/4/1975,alive,,,"Ranjitha,alive"
Rani Mukerji,3/21/1978,alive,,,"Rani Mukerji,alive"
Ramya Krishnan,9/15/1967,alive,,,"Ramya Krishnan,alive"
Rashi Khanna,11/30/1990,alive,,,"Rashi Khanna,alive"
Rashmi Desai,2/13/1986,alive,,,"Rashmi Desai,alive"
Rashmika Mandanna,4/5/1996,alive,,,"Rashmika Mandanna,alive"
Rati Agnihotri,12/10/1960,alive,,,"Rati Agnihotri,alive"
Ratna Pathak Shah,3/18/1957,alive,,,"Ratna Pathak Shah,alive"
Raveena Tandon,10/26/1972,alive,,,"Raveena Tandon,alive"
Reena Roy,1/7/1957,alive,,,"Reena Roy,alive"
Reema Lagoo,6/21/1958,5/18/2017,,,"Reema Lagoo, 18 May 2017"
Reema Sen,10/29/1981,alive,,,"Reema Sen,alive"
Regina Cassandra,12/13/1990,alive,,,"Regina Cassandra,alive"
Rekha,10/10/1954,alive,,,"Rekha,alive"
Rekha Vedavyas,4/20/1985,alive,,,"Rekha Vedavyas,alive"
Renukamma Murugodu,4/15/1905,#REF!,,,"Renukamma Murugodu,"
Renuka Shahane,10/7/1966,alive,,,"Renuka Shahane,alive"
Revathi,7/8/1966,alive,,,"Revathi,alive"
Richa Chaddha,12/18/1986,alive,,,"Richa Chaddha,alive"
Richa Gangopadhyay,3/20/1986,alive,,,"Richa Gangopadhyay,alive"
Ridhi Dogra,9/22/1984,alive,,,"Ridhi Dogra,alive"
Rimi Sen,9/21/1981,alive,,,"Rimi Sen,alive"
Rinke Khanna,7/27/1977,alive,,,"Rinke Khanna,alive"
Rinku Rajguru,6/3/2001,alive,,,"Rinku Rajguru,alive"
Rita Bhaduri,11/4/1955,7/17/2018,,,"Rita Bhaduri, 17 July 2018"
Rituparna Sengupta,11/7/1970,alive,,,"Rituparna Sengupta,alive"
Riya Sen,1/24/1981,alive,,,"Riya Sen,alive"
Rohini Hattangadi,4/11/1955,alive,,,"Rohini Hattangadi,alive"
Roopa Ganguly,11/25/1963,alive,,,"Roopa Ganguly,alive"
Roopa Iyer,7/24/1982,alive,,,"Roopa Iyer,alive"
R.T. Rama,6/25/1949,alive,,,"R.T. Rama,alive"
Ruby Parihar,4/16/2010,alive,,,"Ruby Parihar,alive"
Sabitri Chatterjee,2/22/1937,alive,,,"Sabitri Chatterjee,alive"
Saba Qamar,4/5/1984,alive,,,"Saba Qamar,alive"
Saba Azad,11/1/1985,alive,,,"Saba Azad,alive"
Shivaleeka Oberoi,7/24/1995,alive,,,"Shivaleeka Oberoi,alive"
Sobhita Dhulipala,5/31/1992,alive,,,"Sobhita Dhulipala,alive"
Sadhana Shivdasani,9/2/1941,12/25/2015,,,"Sadhana Shivdasani, 25 December 2015"
Sagarika Ghatge,1/8/1986,alive,,,"Sagarika Ghatge,alive"
Sajal Aly,1/17/1994,alive,,,"Sajal Aly,alive"
Sana Makbul,6/13/1993,alive,,,"Sana Makbul,alive"
Sai Lokur,9/5/1989,alive,,,"Sai Lokur,alive"
Saiyami Kher,6/29/1992,alive,,,"Saiyami Kher,alive"
Samskruthy Shenoy,11/20/1998,alive,,,"Samskruthy Shenoy,alive"
Samyuktha Hegde,7/17/1998,alive,,,"Samyuktha Hegde,alive"
Sandhya Mridul,3/28/1975,alive,,,"Sandhya Mridul,alive"
Sandhya Roy,4/11/1941,alive,,,"Sandhya Roy,alive"
Sanaya Irani,9/17/1983,alive,,,"Sanaya Irani,alive"
Sanya Malhotra,2/25/1992,alive,,,"Sanya Malhotra,alive"
Sanjeeda Sheikh,12/20/1984,alive,,,"Sanjeeda Sheikh,alive"
Sai Pallavi,5/9/1992,alive,,,"Sai Pallavi,alive"
Saira Banu,8/23/1944,alive,,,"Saira Banu,alive"
Salma Agha,10/29/1954,alive,,,"Salma Agha,alive"
Samantha Ruth Prabhu,4/28/1987,alive,,,"Samantha Ruth Prabhu,alive"
Sameera Reddy,12/14/1978,alive,,,"Sameera Reddy,alive"
Samvrutha Sunil,10/31/1986,alive,,,"Samvrutha Sunil,alive"
Sana Amin Sheikh,8/10/1989,alive,,,"Sana Amin Sheikh,alive"
Sana Khan,8/21/1988,alive,,,"Sana Khan,alive"
Sana Saeed,9/22/1988,alive,,,"Sana Saeed,alive"
Sanchita Padukone,3/16/1988,alive,,,"Sanchita Padukone,alive"
Sangeeta Bijlani,7/9/1960,alive,,,"Sangeeta Bijlani,alive"
Sandali Sinha,1/11/1972,alive,,,"Sandali Sinha,alive"
Sara Ali Khan,8/12/1995,alive,,,"Sara Ali Khan,alive"
Sara Loren,12/11/1987,alive,,,"Sara Loren,alive"
Sarayu (actress),7/10/1989,alive,,,"Sarayu (actress),alive"
Saroja Devi,1/7/1938,alive,,,"Saroja Devi,alive"
Saumya Tandon,11/3/1984,alive,,,"Saumya Tandon,alive"
Sayani Gupta,10/9/1985,alive,,,"Sayani Gupta,alive"
Sayyeshaa Saigal,8/12/1997,alive,,,"Sayyeshaa Saigal,alive"
Seema Biswas,1/14/1965,alive,,,"Seema Biswas,alive"
Seema Pahwa,2/10/1962,alive,,,"Seema Pahwa,alive"
Seema Shinde,6/10/1905,alive,,,"Seema Shinde,alive"
Shabana Azmi,9/18/1950,alive,,,"Shabana Azmi,alive"
Sharmila Mandre,10/28/1990,alive,,,"Sharmila Mandre,alive"
Sharmilee,12/31/1971,alive,,,"Sharmilee,alive"
Shibani Dandekar,8/27/1980,alive,,,"Shibani Dandekar,alive"
Shalini Pandey,9/23/1993,alive,,,"Shalini Pandey,alive"
Shamita Shetty,2/2/1979,alive,,,"Shamita Shetty,alive"
Sharmila Tagore,12/8/1944,alive,,,"Sharmila Tagore,alive"
Shashikala,8/4/1932,4/4/2021,,,"Shashikala, 4 April 2021"
Sheela,3/22/1945,alive,,,"Sheela,alive"
Sheena Shahabadi,11/21/1986,alive,,,"Sheena Shahabadi,alive"
Shenaz Treasurywala,6/29/1981,alive,,,"Shenaz Treasurywala,alive"
Sherin,5/5/1985,alive,,,"Sherin,alive"
Shilpa Shetty,6/8/1975,alive,,,"Shilpa Shetty,alive"
Shilpa Shukla,2/22/1982,alive,,,"Shilpa Shukla,alive"
Shilpa Shirodkar,11/20/1973,alive,,,"Shilpa Shirodkar,alive"
Shilpa Anand,12/10/1982,alive,,,"Shilpa Anand,alive"
Shivani Raghuvanshi,6/19/1991,alive,,,"Shivani Raghuvanshi,alive"
Shivangi Joshi,5/18/1998,alive,,,"Shivangi Joshi,alive"
Shreya Dhanwanthary,8/29/1988,alive,,,"Shreya Dhanwanthary,alive"
Shweta Tiwari,10/4/1980,alive,,,"Shweta Tiwari,alive"
Shweta Tripathi,7/6/1985,alive,,,"Shweta Tripathi,alive"
Shobhana,3/21/1970,alive,,,"Shobhana,alive"
Shobhna Samarth,11/17/1916,2/9/2000,,,"Shobhna Samarth, 9 February 2000"
Shraddha Arya,8/17/1987,alive,,,"Shraddha Arya,alive"
Shraddha Das,3/4/1987,alive,,,"Shraddha Das,alive"
Shraddha Kapoor,3/3/1987,alive,,,"Shraddha Kapoor,alive"
Shraddha Srinath,9/29/1990,alive,,,"Shraddha Srinath,alive"
Shruthi Haasan,1/28/1986,alive,,,"Shruthi Haasan,alive"
Shruti Sodhi,9/22/1988,alive,,,"Shruti Sodhi,alive"
Shruti Sharma,7/6/1981,alive,,,"Shruti Sharma,alive"
Shriya Saran,9/11/1982,alive,,,"Shriya Saran,alive"
Simi Garewal,10/17/1947,alive,,,"Simi Garewal,alive"
Simone Singh,11/10/1974,alive,,,"Simone Singh,alive"
Simple Kapadia,8/15/1958,11/10/2009,,,"Simple Kapadia, 10 November 2009"
Simran Bagga,4/4/1976,alive,,,"Simran Bagga,alive"
Sindhu Tolani,7/19/1983,alive,,,"Sindhu Tolani,alive"
Silk Smitha,12/2/1960,9/23/1996,,,"Silk Smitha, 23 September 1996"
Smita Patil,10/17/1955,12/13/1986,,,"Smita Patil, 13 December 1986"
Sneha Ullal,12/18/1987,alive,,,"Sneha Ullal,alive"
Soha Ali Khan,10/4/1978,alive,,,"Soha Ali Khan,alive"
Sonakshi Sinha,6/2/1987,alive,,,"Sonakshi Sinha,alive"
Sonali Bendre,1/1/1975,alive,,,"Sonali Bendre,alive"
Sonali Kulkarni,11/3/1974,alive,,,"Sonali Kulkarni,alive"
Sonali Raut,12/23/1990,alive,,,"Sonali Raut,alive"
Sonalee Kulkarni,5/18/1988,alive,,,"Sonalee Kulkarni,alive"
Sonal Chauhan,5/16/1987,alive,,,"Sonal Chauhan,alive"
Sonam Bajwa,8/16/1989,alive,,,"Sonam Bajwa,alive"
Sonam Kapoor,6/9/1985,alive,,,"Sonam Kapoor,alive"
Sonalika Joshi,6/5/1976,alive,,,"Sonalika Joshi,alive"
Sonarika Bhadoria,12/3/1992,alive,,,"Sonarika Bhadoria,alive"
Sonnalli Seygall,5/1/1989,alive,,,"Sonnalli Seygall,alive"
Sophia Chaudhary,2/8/1982,alive,,,"Sophia Chaudhary,alive"
Soundarya,7/18/1972,#REF!,,,"Soundarya,"
Sowcar Janaki,12/12/1931,alive,,,"Sowcar Janaki,alive"
Spruha Joshi,10/13/1989,alive,,,"Spruha Joshi,alive"
Sriti Jha,2/26/1986,alive,,,"Sriti Jha,alive"
Sri Divya,4/1/1993,alive,,,"Sri Divya,alive"
Srividya,7/24/1953,10/19/2006,,,"Srividya, 19 October 2006"
Subbulakshmi,9/16/1916,12/11/2004,,,"Subbulakshmi, 11 December 2004"
Subhashri,7/18/1975,alive,,,"Subhashri,alive"
Suchitra Pillai,8/27/1970,alive,,,"Suchitra Pillai,alive"
Suchitra Sen,4/6/1931,1/17/2014,,,"Suchitra Sen, 17 January 2014"
Sudha Chandran,9/27/1965,alive,,,"Sudha Chandran,alive"
Suhasini,8/15/1961,alive,,,"Suhasini,alive"
Sukumari,10/6/1940,3/26/2013,,,"Sukumari, 26 March 2013"
Sulochana Devi,7/30/1928,alive,,,"Sulochana Devi,alive"
Sumalatha,8/27/1963,alive,,,"Sumalatha,alive"
Sunny Leone,5/13/1981,alive,,,"Sunny Leone,alive"
Surbhi Chandna,9/11/1989,alive,,,"Surbhi Chandna,alive"
Surbhi Jyoti,5/29/1988,alive,,,"Surbhi Jyoti,alive"
Supriya Devi,1/8/1933,1/26/2018,,,"Supriya Devi, 26 January 2018"
Supriya Pathak,1/7/1961,alive,,,"Supriya Pathak,alive"
Suraiya,6/15/1929,1/31/2004,,,"Suraiya, 31 January 2004"
Surveen Chawla,8/1/1984,alive,,,"Surveen Chawla,alive"
Sushmita Sen,11/19/1975,alive,,,"Sushmita Sen,alive"
Sumalatha,8/27/1963,alive,,,"Sumalatha,alive"
Swati Reddy,4/19/1987,alive,,,"Swati Reddy,alive"
Swaroop Sampat,11/3/1958,alive,,,"Swaroop Sampat,alive"
Swastika Mukherjee,12/13/1980,alive,,,"Swastika Mukherjee,alive"
Srinidhi Shetty,10/21/1992,alive,,,"Srinidhi Shetty,alive"
Swara Bhaskar,4/9/1988,alive,,,"Swara Bhaskar,alive"
Tanushree Dutta,3/19/1984,alive,,,"Tanushree Dutta,alive"
Tanuja,9/23/1943,alive,,,"Tanuja,alive"
Tamannaah Bhatia,12/21/1989,alive,,,"Tamannaah Bhatia,alive"
Taapsee Pannu,8/1/1987,alive,,,"Taapsee Pannu,alive"
Tara Anuradha,3/4/1973,alive,,,"Tara Anuradha,alive"
Tara D'Souza,12/20/1986,alive,,,"Tara D'Souza,alive"
Tara Sharma,1/11/1977,alive,,,"Tara Sharma,alive"
Tarana Raja,1/24/1977,alive,,,"Tarana Raja,alive"
Taruni Sachdev,5/14/1998,5/14/2012,,,"Taruni Sachdev, 14 May 2012"
Tina Dutta,11/27/1991,alive,,,"Tina Dutta,alive"
Tisca Chopra,11/1/1973,alive,,,"Tisca Chopra,alive"
Trisha Krishnan,5/4/1983,alive,,,"Trisha Krishnan,alive"
Tun Tun,7/11/1923,11/24/2003,,,"Tun Tun, 24 November 2003"
Tara Sutaria,11/19/1995,alive,,,"Tara Sutaria,alive"
Udita Goswami,2/9/1984,alive,,,"Udita Goswami,alive"
Ujjwala Raut,6/11/1978,alive,,,"Ujjwala Raut,alive"
Umashree,5/10/1957,alive,,,"Umashree,alive"
Urmila Matondkar,2/4/1974,alive,,,"Urmila Matondkar,alive"
Urmila Kanitkar,5/4/1986,alive,,,"Urmila Kanitkar,alive"
Urvashi Dholakia,7/9/1978,alive,,,"Urvashi Dholakia,alive"
Urvashi Sharma,10/13/1984,alive,,,"Urvashi Sharma,alive"
Usha Kiran,4/22/1929,3/9/2000,,,"Usha Kiran, 9 March 2000"
Usha Nadkarni,9/13/1946,alive,,,"Usha Nadkarni,alive"
Ulka Gupta,4/12/1997,alive,,,"Ulka Gupta,alive"
Upasna Singh,6/29/1975,alive,,,"Upasna Singh,alive"
Urvashi Rautela,2/25/1994,alive,,,"Urvashi Rautela,alive"
Vaani Kapoor,8/23/1988,alive,,,"Vaani Kapoor,alive"
Vanitha Vijayakumar,10/5/1980,alive,,,"Vanitha Vijayakumar,alive"
Vadivukkarasi,7/6/1958,alive,,,"Vadivukkarasi,alive"
Vaidehi Parashurami,2/1/1992,alive,,,"Vaidehi Parashurami,alive"
Vaishali Kasaravalli,4/12/1952,9/27/2010,,,"Vaishali Kasaravalli, 27 September 2010"
Vandana Gupte,7/16/1952,alive,,,"Vandana Gupte,alive"
Vani Bhojan,10/28/1988,alive,,,"Vani Bhojan,alive"
Varalaxmi Sarathkumar,3/5/1985,alive,,,"Varalaxmi Sarathkumar,alive"
Varsha Usgaonkar,2/28/1968,alive,,,"Varsha Usgaonkar,alive"
Vasundhara Das,8/18/1977,alive,,,"Vasundhara Das,alive"
Vega Tamotia,5/7/1985,alive,,,"Vega Tamotia,alive"
Vidhubala,5/24/1952,alive,,,"Vidhubala,alive"
Vidya Balan,1/1/1979,alive,,,"Vidya Balan,alive"
Vithika Sheru,2/2/1994,alive,,,"Vithika Sheru,alive"
Vidya Malvade,3/2/1973,alive,,,"Vidya Malvade,alive"
Vidya Sinha,11/15/1947,8/15/2019,,,"Vidya Sinha, 15 August 2019"
Vijeta Pandit,8/25/1967,alive,,,"Vijeta Pandit,alive"
Vijayalakshmi Singh,7/19/1959,alive,,,"Vijayalakshmi Singh,alive"
Vijayashanti,6/24/1966,alive,,,"Vijayashanti,alive"
Vyjayantimala,8/13/1936,alive,,,"Vyjayantimala,alive"
Waheeda Rehman,2/3/1938,alive,,,"Waheeda Rehman,alive"
Wamiqa Gabbi,9/29/1993,alive,,,"Wamiqa Gabbi,alive"
Warina Hussain,10/5/2018,alive,,,"Warina Hussain,alive"
Waluscha De Sousa,11/28/1979,alive,,,"Waluscha De Sousa,alive"
Yami Gautam,11/28/1988,alive,,,"Yami Gautam,alive"
Yashaswini Dayama,5/27/2016,alive,,,"Yashaswini Dayama,alive"
Yogeeta Bali,8/13/1952,alive,,,"Yogeeta Bali,alive"
Yana Gupta,4/23/1979,alive,,,"Yana Gupta,alive"
Yukta Mookhey,10/7/1977,alive,,,"Yukta Mookhey,alive"
Yuvika Chaudhary,8/2/1983,alive,,,"Yuvika Chaudhary,alive"
Zaira Wasim,10/23/2000,alive,,,"Zaira Wasim,alive"
Zarine Khan,5/14/1987,alive,,,"Zarine Khan,alive"
Zoya Afroz,1/10/1994,alive,,,"Zoya Afroz,alive"
Zoa Morani,3/29/1988,alive,,,"Zoa Morani,alive"
Zeenat Aman,11/19/1951,alive,,,"Zeenat Aman,alive"
Zoya Khan,4/17/1992,alive,,,"Zoya Khan,alive"
Zubeida,3/25/1905,9/21/1988,,,"Zubeida, 21 September 1988"
Zaheeda,10/9/1944,alive,,,"Zaheeda,alive"